
{
  "_index": "swiss_caregiver-01",
"_id": "3660232",
"_score": 13.767283,
"_source": {
  "dtdebut": "2002-06-11T00:00:00",
  "rue": "route Romaine 16",
  "exclusion": "N",
  "noemploye": null,
  "rue_cpl": null,
  "dtfin": "9999-12-31T00:00:00",
  "nom": "Rey",
  "ree": null,
  "dtexclusion_fin": null,
  "rcc": "S605160",
  "ean": 7601003674538,
  "provenance": "BDISP",
  "affiliation": "ASCA , EMR",
  "dtexclusion_debut": null,
  "genre": {
    "de": "Komplementärtherapeuten und -therapeutinnen",
    "code": "56",
    "it": "Terapisti complementare",
    "fr": "Thérapeutes en médecine complémentaire"
  },
  "fax": null,
  "prenom": "Fabienne",
  "npa": "1912",
  "email": "contact@reyondesoleil.ch",
  "civilite": "MME",
  "ville": "Leytron",
  "employe": null,
  "nom_cpl": "Masseuse médical",
  "mobile": null,
  "langue": "FR",
  "gps": {
    "lon": "8.26",
    "lat": "46.85"
  },
  "mpr": {
    "debut": null,
    "accepte_patient": "N/A",
    "produit": null,
    "is": "N",
    "fin": null
  },
  "url": null,
  "dtmutation": "2024-11-13T00:00:35.794000",
  "therapie": {
    "de": "Bindegewebsmassage (Med. Mass. , Elektrotherapie , Elektrotherapie (Med. Mass. , Fussreflexzonen-Massage (Med. Mass. , Fussreflexzonenmassage Therapie , Hydrotherapie , Hydrotherapie (Med. Mass. , Klassische Massage (Med. Mass.) , Lymphdrainage, manuelle (Med. Mass.) , Manuelle Lymphdrainage , Manuelle therapeutische Lymphdrainage , Massagetech , Medizinische Massage (Gr., eidg. Fachausw.) , Medizinischer Masseur FA SRK / eidg. , Wickel/Umschläge (Med. Mass.) , klassische Massage",
    "it": "Cataplasmi/impacchi (Mass.med.) , Drainage lymphatique manuel , Drainage lymphatique manuel thérapeutique , Drenaggio linfatico manuale (Mass.med.) , Electrothérapie , Elettroterapia (Mass.med. , Idroterapia , Idroterapia (Mass.med. , Massage classique , Massage médical avec brevet fédéral , Massaggiatore medico CRS (Mass.med.) , Massaggio classico (Mass.med.) , Massaggio del tessuto connettivo (Mass.med. , Massaggio delle zone riflesse del pied , Réflexologie plantaire thérapeutique , Tecniche di mas",
    "fr": "Cataplasmes/Enveloppements (Mass. méd.) , Drainage lymphatique manuel , Drainage lymphatique manuel (Mass. méd.) , Drainage lymphatique manuel thérapeutique , Electrothérapie , Electrothérapie (Mass. méd. , Hydrothérapie , Hydrothérapie (Mass. méd. , Massage classique , Massage classique (Mass. méd.) , Massage des zones réflexes du pie , Massage du tissu conjonctif (Mass. méd. , Massage médical (groupe, brevet fédéral) , Masseur médical certifié CRS / Brevet , Réflexologie plantaire thérapeutique , Technique de m"
  },
  "genre_cpl": {
    "de": "Komplementärtherapeuten und -therapeutinnen",
    "code": "5600",
    "it": "Terapisti complementare",
    "fr": "Thérapeutes en médecine complémentaire"
  },
  "id_rcc": 3660232,
  "reseau": {
    "code": null,
    "produit": null,
    "nom": null
  },
  "phone": "0041794842621",
  "dtemploye_fin": "9999-12-31T00:00:00",
  "dtemploye_debut": null,
  "canton": "VS",
  "ingest_timestamp": "2025-06-02T13:31:42.425293909Z",
  "rue_number": "16",
  "pays": "CH"
}
}
